Hugo Symbol,Reference Amino Acid,Amino Acid Position,Variant Amino Acid,Mutation Count,Total Mutations in Gene,Genomic Position,Organ Types,Total Samples,Analysis Type,qvalue
EGFR,KELREA:78|ELREA:46|ELREAT:12|LREATSP:8|ELR:3|LREATS:2|TSPKANKEI:2|ATSPKANKE:1|EATSPK:1|I:1|KANKEI:1|SPKANKEI:1,745-759,E746_A750del:124|L747_T751del:9|L747_P753delinsS:8|S752_I759del:3|L747_E749del:3|E746_T751delinsA:3|L747_S752del:2|T751_E758del:1|T751_A755del:1|K754_I759del:1|K745_E746insVPVAIK:1,156,224,7:55242465_78|7:55242466_49|7:55242468_9|7:55242470_8|7:55242467_3|7:55242483_2|7:55242469_2|7:55242490_1|7:55242484_1|7:55242480_1|7:55242476_1|7:55242448_1,lung:2767:156,24592,pancan,0
PIK3R1,-:6|HEY:6|L:6|EYDRL:4|R:4|DNIEAVGKKLHEYNT:3|EK:3|KL:3|KLHEYN:3|TQF:3|E:2|EYNTQFQ:2|FQEKS:2|H:2|Q:2|RE:2|SREYD:2|Y:2|D:1|DNIEAVGKKLHEY:1|DRLY:1|EDNIEAVGKK:1|EDNIEAVGKKLH:1|EY:1|EYNTQFQEKSR:1|GKKL:1|HEYNT:1|IE:1|KE:1|KKLHEYNTQFQE:1|LHE:1|LHEYNTQ:1|LHEYNTQFQEK:1|LYEEY:1|N:1|NTQ:1|NTQFQ:1|QE:1|QEK:1|QEKSRE:1|QFQEK:1|REYDR:1|RL:1|RLYEE:1|T:1|TQFQEK:1|VGKKLHE:1|YEEY:1|YN:1,439-470,E451_Y452del:6|D464_Y467del:4|N441_T454del:3|L449del:3|K459del:3|F456_Q457del:3|Y452dup:2|Y452_Q457del:2|R461_E462delinsQ:2|Q457_S460del:2|Q455_F456insL:2|N453del:2|K448_N453del:2|H450_E451insVH:2|E462_R465del:2|E458del:2|Y467_Y470del:1|Y463_E468dup:1|Y452_N453insF:1|S460_D464del:1|R465dup:1|R465_Y467del:1|Q457_E462del:1|Q455_S460dup:1|Q455_K459del:1|N453_Y463del:1|N453_Q457del:1|N453_Q455delinsK:1|N453_D464dup:1|L466del:1|L466_Y470delinsF:1|L466_E469del:1|L449_Q455del:1|L449_K459del:1|L449_H450insQ:1|K448_Y452del:1|I442_N453del:1|I442_E443delinsK:1|H450del:1|H450_T454del:1|H450_Q455dup:1|H450_K459del:1|H450_E451insD:1|H450_E451dup:1|H450_E451del:1|G446_L449delinsV:1|G446_E451del:1|F456_K459del:1|E468_Y470dup:1|E468_E469insGLYE:1|E468_E469insGEYDRLYE:1|E462dup:1|E462_Y463delinsD:1|E458_Y463dup:1|E458_K459del:1|E451del:1|E439del:1|D464_Y470dup:1|D464_E468dup:1|D440del:1|D440_K448del:1|D440_E451del:1,88,293,5:67589586_6|5:67589619_5|5:67589623_4|5:67589599_4|5:67589581_4|5:67589610_3|5:67589601_3|5:67589585_3|5:67589583_3|5:67589582_3|5:67589557_3|5:67589632_2|5:67589607_2|5:67589605_2|5:67589594_2|5:67589592_2|5:67589590_2|5:67589589_2|5:67589588_2|5:67589584_2|5:67589579_2|5:67589636_1|5:67589635_1|5:67589634_1|5:67589630_1|5:67589629_1|5:67589628_1|5:67589626_1|5:67589622_1|5:67589620_1|5:67589618_1|5:67589617_1|5:67589615_1|5:67589609_1|5:67589608_1|5:67589606_1|5:67589598_1|5:67589595_1|5:67589591_1|5:67589577_1|5:67589574_1|5:67589572_1|5:67589562_1|5:67589556_1|5:67589555_1|5:67589553_1|5:67589552_1|5:67589550_1,uterus:543:31|cnsbrain:2283:29|breast:2559:11|bowel:1782:4|lung:2767:4|headandneck:988:3|esophagusstomach:1413:3|ovaryfallopiantube:699:2|softtissue:838:1,24592,pancan,9.35E-183
KIT,QWK:10|YD:7|-:2|KVV:2|KVVE:2|GNNYVYIDP:1|GNNYVYIDPT:1|KP:1|KPMYEV:1|KVVEEING:1|L:1|MYE:1|MYEV:1|NNYVYIDPT:1|PM:1|PMY:1|PMYEV:1|PMYEVQW:1|PMYEVQWKVVEEINGNNYVY:1|QWKVV:1|QWKVVE:1|QWKVVEEINGNNYVYID:1|T:1|TQ:1|V:1|VQWKVVEEINGNNYVYID:1|VVEEINGN:1|VVEEINGNNYVYIDP:1|VYIDPTQL:1|WKV:1|YE:1,550-580,W557_K558del:10|D579del:7|V559_E561del:2|Q556_D572del:2|N566_P573del:2|Y578_D579insEQQLPY:1|Y570_L576del:1|Y553_E554del:1|W557_V559delinsF:1|W557_E561del:1|V560del:1|V559_P573del:1|V559_N566delinsD:1|V559_G565del:1|T574_H580dup:1|Q575del:1|Q556_V560delinsH:1|P551_Y553delinsH:1|P551_V555del:1|P551_M552delinsL:1|M552_Y570del:1|M552_W557del:1|M552_V555delinsI:1|M552_V555del:1|M552_E554delinsI:1|L576del:1|L576_H580dup:1|K558_V560delinsN:1|K558_V560del:1|K550_P551del:1|G565_T574delinsA:1,49,84,4:55593601_11|4:55593667_7|4:55593587_3|4:55593609_2|4:55593608_2|4:55593607_2|4:55593586_2|4:55593662_1|4:55593660_1|4:55593656_1|4:55593655_1|4:55593653_1|4:55593640_1|4:55593631_1|4:55593629_1|4:55593628_1|4:55593610_1|4:55593606_1|4:55593604_1|4:55593602_1|4:55593600_1|4:55593599_1|4:55593591_1|4:55593590_1|4:55593589_1|4:55593584_1|4:55593582_1,softtissue:838:39|skin:974:3|bowel:1782:2|testis:217:2|lung:2767:1|vulvavagina:17:1|breast:2559:1,24592,pancan,1.98E-126
PIK3R1,KT:7|IKPDL:5|IK:3|R:3|L:2|LR:2|LRKT:2|REIDK:2|TR:2|-:1|DL:1|DLIQLRKTRDQYL:1|DQYLM:1|I:1|IKP:1|IQLR:1|IQLRK:1|KPDLIQL:1|KTRDQYL:1|LIQLRKTRDQYL:1|MN:1|MNSIKPDL:1|NSIKP:1|PDLIQLRKTR:1|QL:1|QLRK:1|QY:1|RD:1|TRDQYL:1|Y:1,558-582,T576del:6|R574del:4|K567_L570del:4|K567del:3|R577del:2|K575_R577del:2|Y580_L581insF:1|R577_L581del:1|R577_D578del:1|Q579_Y580delinsH:1|P568_L573del:1|N564_P568delinsT:1|M563_N564delinsI:1|M563_L570delinsI:1|L573del:1|L573_R574del:1|L573_K575del:1|L570_I571insY:1|L570_D578del:1|K575_T576del:1|K575_R577dup:1|K575_L581delinsM:1|K567_I571del:1|I571_R574del:1|I571_Q572insR:1|I571_L581del:1|I571_K575del:1|I566_P568delinsT:1|E558_R562del:1|E558_K561del:1|D578_M582delinsE:1|D569dup:1|D569_L581delinsE:1|D569_L570delinsV:1,49,293,5:67591132_6|5:67591104_5|5:67591135_3|5:67591127_3|5:67591126_3|5:67591105_3|5:67591118_2|5:67591116_2|5:67591111_2|5:67591146_1|5:67591143_1|5:67591141_1|5:67591136_1|5:67591131_1|5:67591130_1|5:67591125_1|5:67591124_1|5:67591123_1|5:67591122_1|5:67591119_1|5:67591114_1|5:67591113_1|5:67591108_1|5:67591103_1|5:67591098_1|5:67591096_1|5:67591095_1|5:67591078_1|5:67591076_1,uterus:543:22|cnsbrain:2283:7|breast:2559:6|prostate:1379:3|headandneck:988:2|lung:2767:2|cervix:234:2|bowel:1782:2|kidney:1305:1|esophagusstomach:1413:1|liver:636:1,24592,pancan,8.13E-89
ERBB2,-:33|V:1,772-775,Y772_A775dup:33|M774dup:1,34,66,17:37880981_29|17:37880984_4|17:37880988_1,lung:2767:25|breast:2559:3|bladder:955:2|unk:357:1|bowel:1782:1|ovaryfallopiantube:699:1|esophagusstomach:1413:1,24592,pancan,1.42E-86
FOXA1,FEN:6|-:2|ENG:2|GNMFE:2|GNMFENG:2|SGNMFENGCYL:2|APAPG:1|CYLR:1|DSGN:1|DSGNMFE:1|FE:1|FENG:1|FENGCYL:1|G:1|GGSGAKGG:1|KRFK:1|MFEN:1|MFENGCY:1|NHPF:1|NMFENG:1|NMFENGC:1|NMFENGCYLRRQKRFKCEKQPGAGGGGGSGSGGSGAKGGPESRKDPSGASNPSADSPLHRGVHGKTGQLEGAPAPGPAASPQTLDHSGATATGGASELKTPASSTAPPISSGPGALASVPASHPAHGLAPHESQLHLKGDPHYSFNHPFSINNLMSS:1|Q:1|QKRFKC:1|QKRFKCEKQPGAGGGGGSGSGGSGAKGGPESRKD:1|RFKCEKQ:1|RQKRFKCEKQPGAGGGGGSG:1|SGN:1|SGNMF:1|SS:1,249-409,F254_N256delinsY:6|S250_Y259del:2|G251_G257del:2|G251_F254del:2|E255_N256del:2|S409del:1|S282_G283dup:1|S250_N252del:1|S250_F254del:1|R265_K270del:1|Q263del:1|Q263_G281del:1|Q263_D296delinsH:1|Q263_C268del:1|N397_F400del:1|N252_S408del:1|N252_G257del:1|N252_C258del:1|M253_Y259del:1|M253_N256del:1|K267dup:1|K264dup:1|K264_K267del:1|G284_G290del:1|F254_L260del:1|F254_G257delinsC:1|F254_E255del:1|D249_N252del:1|D249_F254del:1|C258_R261del:1|A323_P326del:1,40,120,14:38061223_6|14:38061220_3|14:38061218_3|14:38061233_2|14:38061226_2|14:38061211_2|14:38061227_1|14:38061225_1|14:38061224_1|14:38061221_1|14:38061215_1|14:38061212_1|14:38061209_1|14:38061206_1|14:38061200_1|14:38061196_1|14:38061188_1|14:38061187_1|14:38061185_1|14:38061178_1|14:38061147_1|14:38061140_1|14:38061120_1|14:38061102_1|14:38061010_1|14:38060789_1|14:38060765_1|14:38060763_1,prostate:1379:34|breast:2559:6,24592,pancan,6.26E-73
EGFR,D:9|P:6|A:5|M:5|-:4|N:4,764-774,N771_H773dup:7|H773dup:5|A767_V769dup:5|S768_D770dup:4|Y764_D770dup:1|P772_H773insTPNP:1|P772_H773dup:1|N771_P772insV:1|N771_P772insHH:1|N771_P772insH:1|H773_V774dup:1|D770_P772dup:1|D770_N771insY:1|D770_N771insGL:1|D770_N771insGF:1|D770_N771insG:1,33,224,7:55249010_8|7:55249017_6|7:55248998_5|7:55249002_4|7:55249013_3|7:55249012_3|7:55249014_1|7:55249011_1|7:55249009_1|7:55248990_1,lung:2767:22|cnsbrain:2283:6|bladder:955:4|uterus:543:1,24592,pancan,1.50E-72
TP53,IT:10|L:4|-:3|C:3|I:3|LL:3|A:2|EE:2|N:2|NS:2|NSS:2|R:2|S:2|SFE:2|TLEDSS:2|ACPGRDRRTEE:1|CACPGRDR:1|CN:1|CNSS:1|CNSSCM:1|CT:1|CTTIHY:1|EEENLRKKG:1|G:1|GGM:1|GMNRRP:1|LTI:1|LTIITL:1|M:1|MCNS:1|MGGMNRRPILTIIT:1|NLLGRN:1|NLLGRNS:1|PI:1|PIL:1|RNSFEVR:1|RR:1|RVCACPG:1|SF:1|SS:1|SSCM:1|T:1|TI:1|TIIT:1|Y:1|YM:1|YNYMC:1,229-292,I255del:9|L265del:3|L252del:3|V274_C275dup:2|T256_S260del:2|T253dup:2|S241dup:2|N239dup:2|N239_S241del:2|N239_S240del:2|N235del:2|E286_E287del:2|Y236_M237delinsL:1|Y234del:1|Y234_M237del:1|V274dup:1|V274_G279del:1|V272_R273insL:1|T256del:1|T253_L257del:1|T231_I232insTDCTT:1|T231_I232del:1|S269_E271delinsK:1|S269_E271del:1|S260_L264dup:1|S240_S241del:1|S240_C242del:1|R282_R283del:1|P250_L252del:1|P250_I251delinsL:1|N268_R273del:1|N263_N268del:1|N235_Y236dup:1|M243_I255del:1|M237_N239del:1|L264_N268del:1|L252dup:1|L252_I254del:1|I255dup:1|I254_T256del:1|G262del:1|G245_P250delinsA:1|G244_M246delinsV:1|F270del:1|E285_K292del:1|D281_R282insP:1|C277dup:1|C275_R282delinsW:1|C238_S240del:1|C238_N239delinsY:1|C238_M243del:1|C229_T230del:1|C229_H233del:1|A276_E285del:1|A276_C277dup:1,76,1423,17:7577515_10|17:7577525_4|17:7577558_3|17:7577514_3|17:7577144_3|17:7577576_2|17:7577562_2|17:7577561_2|17:7577556_2|17:7577520_2|17:7577500_2|17:7577120_2|17:7577111_2|17:7577093_2|17:7577077_2|17:7577591_1|17:7577586_1|17:7577585_1|17:7577581_1|17:7577579_1|17:7577572_1|17:7577571_1|17:7577569_1|17:7577566_1|17:7577563_1|17:7577560_1|17:7577554_1|17:7577552_1|17:7577545_1|17:7577533_1|17:7577530_1|17:7577524_1|17:7577519_1|17:7577511_1|17:7577152_1|17:7577146_1|17:7577135_1|17:7577133_1|17:7577129_1|17:7577127_1|17:7577125_1|17:7577115_1|17:7577107_1|17:7577106_1|17:7577102_1|17:7577089_1|17:7577082_1|17:7577061_1,lung:2767:14|bowel:1782:12|esophagusstomach:1413:11|cnsbrain:2283:8|ovaryfallopiantube:699:6|headandneck:988:5|unk:357:4|softtissue:838:4|breast:2559:3|pancreas:1059:3|uterus:543:2|thyroid:618:1|prostate:1379:1|skin:974:1|lymph:366:1,24592,pancan,1.47E-64
CTNNB1,PS:6|SYLD:2|-:1|APSLSGKGN:1|DS:1|DSGI:1|DSGIHS:1|DSGIHSGA:1|HWQQQSYLD:1|HWQQQSYLDSGI:1|LDS:1|PSLSGKGNPEEEDVDTS:1|QQQSYLD:1|QSYLD:1|SGATTTAP:1|SGIHSGATTTAPSLSGKGNPEEEDVDTSQVLYEWEQGF:1|TAPSLSGK:1|TTTAPS:1|TTTAPSLS:1|VSHWQQQSYLDS:1|YLDSGI:1,23-71,S45del:6|Y30_S33del:2|W25_H36del:1|W25_D32del:1|T42_K49del:1|T41_S47del:1|T41_S45del:1|S45_P52del:1|S33_A39del:1|S23_S33del:1|Q28_D32delinsH:1|Q26_D32delinsH:1|P44_S60del:1|L31_S33del:1|L31_I35del:1|G38_P44del:1|G34_S71del:1|D32_S37delinsA:1|D32_S33del:1|D32_I35delinsV:1|A43_P44dup:1,27,60,3:41266134_6|3:41266098_2|3:41266088_2|3:41266133_1|3:41266132_1|3:41266129_1|3:41266127_1|3:41266123_1|3:41266122_1|3:41266113_1|3:41266100_1|3:41266099_1|3:41266097_1|3:41266094_1|3:41266093_1|3:41266086_1|3:41266080_1|3:41266074_1|3:41266073_1|3:41266069_1,liver:636:9|bowel:1782:5|skin:974:4|adrenalgland:291:3|lung:2767:2|prostate:1379:1|breast:2559:1|ovaryfallopiantube:699:1|esophagusstomach:1413:1,24592,pancan,6.53E-60
PIK3CA,E:18|K:4|IL:2|KI:1|NR:1,110-114,E110del:17|K111del:4|N114del:1|L113del:1|K111_I112del:1|I112_L113del:1|E110_K111dup:1,26,80,3:178916938_18|3:178916944_5|3:178916954_1|3:178916948_1|3:178916947_1,cnsbrain:2283:7|breast:2559:6|uterus:543:5|bowel:1782:4|softtissue:838:1|prostate:1379:1|lung:2767:1|headandneck:988:1,24592,pancan,2.95E-59
FLT3,-:13|E:5|D:2|F:2|K:2|G:1|W:1|Y:1,578-613,F594_D600dup:5|Y599_E604dup:1|Y599_D600insPAPQIMSTSTLISENMNIA:1|Y599_D600insEYEYEYEY:1|Y597_K602dup:1|Y597_E598insDEYFYVDFREY:1|Y597_E598insAGSSDNEYFYVDFREY:1|S585_F594dup:1|S584_F605dup:1|S584_D600dup:1|R595_L601dup:1|R595_E596insDYVDFR:1|N587_D600dup:1|M578_E598dup:1|L601_K602insNVDFREYEYDL:1|F612_G613insQGFYVDFREYEYDLKWEFPRENLEF:1|F594_R595insGTGSSDNEYFYVDF:1|E604_F605insSPRGGNEYFYVDFREYEYDLKWE:1|E598_Y599insVAYVDFREYE:1|E598_Y599insSGSSDNEYFYVDFREYE:1|E598_F612dup:1|D593_F594insSPEDNEYFYVD:1|D586_E596dup:1,27,50,13:28608255_6|13:28608273_2|13:28608262_2|13:28608256_2|13:28608275_1|13:28608268_1|13:28608267_1|13:28608263_1|13:28608261_1|13:28608260_1|13:28608258_1|13:28608251_1|13:28608250_1|13:28608248_1|13:28608244_1|13:28608242_1|13:28608240_1|13:28608219_1|13:28608218_1,blood:890:27,24592,pancan,9.65E-58
NOTCH1,FY:17|SF:2|C:1|YC:1,356-359,F357del:17|S356del:2|Y358del:1|C359del:1,21,172,9:139413070_17|9:139413073_2|9:139413067_1|9:139413065_1,cnsbrain:2283:19|headandneck:988:2,24592,pancan,3.47E-40
PIK3CA,LE:4|ED:1|EDLLNPIGVT:1|GLEDLLNP:1|GSN:1|HGLED:1|HGLEDLLNPI:1|LEDLLNPIGVTGSNP:1|LLNPIG:1|PHGLEDL:1|T:1|VPHGL:1|VPHGLEDLL:1|WPVPHGLEDL:1,436-466,E453del:4|P449_L456del:1|P449_L452del:1|P447_L455del:1|L455_G460delinsF:1|L452_P458del:1|L452_G460del:1|L436_P449dup:1|H450_L455del:1|G463_N465delinsD:1|G451_D454del:1|E453_T462del:1|E453_P466del:1|E453_D454del:1,17,80,3:178928078_5|3:178928079_2|3:178928065_2|3:178928110_1|3:178928087_1|3:178928075_1|3:178928072_1|3:178928071_1|3:178928069_1|3:178928060_1|3:178928025_1,cnsbrain:2283:7|breast:2559:3|uterus:543:3|bowel:1782:2|esophagusstomach:1413:1|bone:276:1,24592,pancan,4.11E-35
CREBBP,SL:16,1680,S1680del:16,16,139,16:3781324_16,lymph:366:7|bladder:955:2|bowel:1782:2|penis:6:1|uterus:543:1|cnsbrain:2283:1|lung:2767:1|esophagusstomach:1413:1,24592,pancan,3.39E-29
LATS2,P:13,479-480,P479_A480dup:12|P479_A480insPP:1,13,30,13:21562482_12|13:21562483_1,esophagusstomach:1413:4|lung:2767:2|breast:2559:1|bowel:1782:1|testis:217:1|prostate:1379:1|kidney:1305:1|bladder:955:1|thymus:162:1,24592,pancan,5.23E-29
ERBB2,V:8|-:4,778-780,G778_P780dup:12,12,66,17:37881001_8|17:37881002_4,lung:2767:6|breast:2559:6,24592,pancan,7.41E-24
NFE2L2,-:1|D:1|DI:1|DILWRQDID:1|EVFDFSQR:1|GV:1|LGVSR:1|REVF:1|REVFDFSQ:1|SR:1|VF:1|WRQDID:1,21-42,W24_D29delinsY:1|S33_R34del:1|R34_S40del:1|R34_F37delinsL:1|L30_S33del:1|I28dup:1|I22_D29del:1|G31del:1|F37del:1|E35_R42del:1|D27del:1|D21_I22delinsE:1,12,31,2:178098960_2|2:178098980_1|2:178098964_1|2:178098959_1|2:178098951_1|2:178098945_1|2:178098943_1|2:178098936_1|2:178098935_1|2:178098924_1|2:178098919_1,lung:2767:8|esophagusstomach:1413:2|liver:636:1|bladder:955:1,24592,pancan,7.44E-23
TP53,-:4|NK:4|A:2|R:2|VRA:2|AI:1|AKTCPVQL:1|CQL:1|D:1|DST:1|G:1|GT:1|IY:1|KTCP:1|L:1|LAKTCP:1|P:1|PAL:1|PPG:1|QL:1|QLAKTCP:1|RA:1|SP:1|TCP:1|TP:1|TPPPGTRVR:1|TR:1|TRVR:1|TRVRAMAI:1|VQLWVDSTPPPG:1,128-163,N131del:4|V157_R158del:2|R156del:2|V157_R158dup:1|V147_D148dup:1|V143_P153del:1|T155_R158del:1|T155_R156del:1|T155_A161del:1|T150_R158del:1|R158_A159dup:1|R158_A159del:1|Q136del:1|Q136_C141del:1|P153del:1|P153_G154del:1|P142dup:1|P128del:1|P128_L130del:1|L130del:1|L130_A138dup:1|K139_P142delinsT:1|I162dup:1|I162_Y163delinsN:1|G154_T155del:1|D148del:1|D148_T155dup:1|D148_T150del:1|C141_P142del:1|C135_L137delinsW:1|A161_I162del:1|A159del:1|A138_P142del:1|A138_L145del:1,39,1423,17:7578535_4|17:7578462_3|17:7578540_2|17:7578506_2|17:7578505_2|17:7578456_2|17:7578455_2|17:7578453_2|17:7578443_2|17:7578547_1|17:7578521_1|17:7578520_1|17:7578515_1|17:7578504_1|17:7578495_1|17:7578486_1|17:7578485_1|17:7578480_1|17:7578478_1|17:7578470_1|17:7578469_1|17:7578468_1|17:7578465_1|17:7578454_1|17:7578452_1|17:7578446_1|17:7578444_1,lung:2767:8|cnsbrain:2283:6|breast:2559:6|esophagusstomach:1413:4|ovaryfallopiantube:699:4|uterus:543:2|bowel:1782:2|headandneck:988:2|ampullaofvater:23:1|pancreas:1059:1|softtissue:838:1|prostate:1379:1|liver:636:1,24592,pancan,2.56E-22
EGFR,ET:9,709-710,E709_T710delinsD:9,9,224,7:55241679_9,lung:2767:9,24592,pancan,2.46E-13
PIK3CA,GNR:3|EPV:1|I:1|IE:1|NR:1|VGN:1,102-108,G106_R108del:3|R108del:1|P104_V105del:1|I102del:1|I102_E103delinsK:1|G106_N107del:1,8,80,3:178916929_3|3:178916934_1|3:178916928_1|3:178916922_1|3:178916918_1|3:178916917_1,breast:2559:3|bowel:1782:3|uterus:543:2,24592,pancan,5.95E-13
KIT,S:8,502-503,A502_Y503dup:8,8,84,4:55592178_8,softtissue:838:8,24592,pancan,1.07E-12
MAP2K1,LEI:4|IK:1|KPA:1|LIHLEIK:1|PAI:1,99-107,E102_I103del:4|P105_I107delinsL:1|P105_A106del:1|I99_K104del:1|I103_K104del:1,8,17,15:66729094_4|15:66729106_1|15:66729104_1|15:66729099_1|15:66729086_1,skin:974:4|lung:2767:2|blood:890:1|bowel:1782:1,24592,pancan,3.29E-12
BRAF,T:3|VK:2|A:1|KSRWS:1|VKSR:1,592-604,T599dup:3|V600_K601delinsE:2|V600_R603del:1|K601_W604del:1|I592_A598dup:1,8,44,7:140453138_3|7:140453134_2|7:140453141_1|7:140453126_1|7:140453122_1,thyroid:618:2|lung:2767:2|bowel:1782:2|skin:974:1|prostate:1379:1,24592,pancan,6.86E-11
PIK3R1,LI:2|EL:1|ELINHYRNESLAQYNPK:1|LTFSSV:1|SSVVEL:1|SVVELIN:1|VEL:1|VELINHYRNESL:1|VVELINH:1,397-420,I405del:2|V402_L413del:1|V401_N406del:1|V401_H407del:1|T397_V401del:1|S399_L404del:1|I405_L420del:1|E403_L404delinsV:1|E403_L404del:1,10,293,5:67589223_2|5:67589220_2|5:67589217_1|5:67589216_1|5:67589213_1|5:67589212_1|5:67589207_1|5:67589199_1,cnsbrain:2283:4|uterus:543:4|breast:2559:1|bowel:1782:1,24592,pancan,4.95E-10
BRAF,NVTAPT:3|APTPQQ:1|NVTA:1|TAPTP:1|TAPTPQ:1,486-494,N486_P490del:3|T488_Q493delinsK:1|T488_P492del:1|P490_Q494del:1|N486_A489delinsK:1,7,44,7:140477837_3|7:140477842_1|7:140477832_1|7:140477831_1|7:140477827_1,pancreas:1059:3|thyroid:618:2|blood:890:1|prostate:1379:1,24592,pancan,3.95E-09
STAT3,EG:6,616,E616del:6,6,22,17:40475061_6,lymph:366:3|lung:2767:1|skin:974:1|esophagusstomach:1413:1,22029,pancan,1.29E-08
MTOR,D:2|DALVAYDKKMD:1|WEDAL:1|YEKLHEW:1,1450-1468,Y1450_W1456del:1|W1456_L1460delinsC:1|E1455_E1457dup:1|E1455_D1458dup:1|A1459_D1468del:1,5,25,1:11217304_2|1:11217310_1|1:11217299_1|1:11217275_1,bowel:1782:2|kidney:1305:2|uterus:543:1,24592,pancan,4.15E-08
MED12,FNNQPAVS:1|GF:1|KQGFN:1|NVKQGFNNQPAVS:1|QPAVSGDE:1,41-55,V41_S52del:1|P49_E55del:1|N46_S52del:1|K42_N46del:1|G44_F45del:1,5,46,X:70339266_1|X:70339258_1|X:70339253_1|X:70339247_1|X:70339243_1,breast:2559:3|bowel:1782:1|bladder:955:1,24592,pancan,7.95E-07
TP53,PHHERC:10|PHHERCS:2|-:1|ERCSD:1|HERCSD:1|HH:1|PHH:1|RCPHH:1|SDSDG:1|V:1|VVRR:1,173-187,P177_C182del:10|H178_S183del:2|V173dup:1|V173_R175del:1|S183_G187delinsC:1|P177_H178del:1|H179del:1|H179_D184del:1|E180_D184del:1|C176dup:1|C176_H179del:1,21,1423,17:7578384_10|17:7578394_2|17:7578382_2|17:7578378_2|17:7578411_1|17:7578406_1|17:7578401_1|17:7578395_1|17:7578371_1,esophagusstomach:1413:4|breast:2559:3|headandneck:988:3|bowel:1782:2|thyroid:618:1|lung:2767:1|cnsbrain:2283:1|softtissue:838:1|prostate:1379:1|ovaryfallopiantube:699:1|skin:974:1|pancreas:1059:1|adrenalgland:291:1,24592,pancan,8.83E-07
TP53,PQ:11|EGNLRVE:2|EYLD:1|IRVEGN:1|PQHLIRVEGNLR:1|QH:1|RVEGNLR:1|RVEYL:1|VEGN:1,191-206,P191del:11|G199_E204del:3|V197_N200del:1|R202_L206del:1|Q192del:1|P191_L201del:1|I195_G199del:1|E204_L206del:1,20,1423,17:7578275_11|17:7578238_2|17:7578271_1|17:7578251_1|17:7578249_1|17:7578245_1|17:7578244_1|17:7578231_1|17:7578229_1,cnsbrain:2283:4|esophagusstomach:1413:4|lung:2767:2|prostate:1379:2|softtissue:838:2|ovaryfallopiantube:699:2|bowel:1782:1|pancreas:1059:1|testis:217:1|headandneck:988:1,24592,pancan,3.47E-06
SMAD4,DRFCLG:2|FC:1|LGQLSNVHRTEAIE:1|PSGGDRFCLG:1|RFCL:1|RFCLGQLSNVH:1|SGGD:1,357-377,R361_G365del:2|S357_G365del:1|R361_L364del:1|G365_E377del:1|G358_D360del:1|F362_H371del:1|C363del:1,8,134,18:48591917_2|18:48591929_1|18:48591923_1|18:48591920_1|18:48591918_1|18:48591908_1|18:48591905_1,pancreas:1059:3|esophagusstomach:1413:3|bowel:1782:2,24592,pancan,3.68E-06
DAXX,EE:4|E:1,457,E457del:4|E457dup:1,5,28,6:33287898_2|6:33287889_2|6:33287888_1,pancreas:1059:3|biliarytract:358:1|lung:2767:1,24592,pancan,8.61E-06
AKT2,-:2|I:1|Q:1,60-84,R76_I84dup:1|R67_L78dup:1|L78_Q79insHANTFVIRCL:1|C60_I75dup:1,4,8,19:40761126_1|19:40761117_1|19:40761115_1|19:40761100_1,breast:2559:2|kidney:1305:1|prostate:1379:1,24592,pancan,2.07E-05
CDKN2A,VRALLEA:4|LEAGALP:3|ALPN:1|EV:1|GA:1|PNAPN:1|RALLEA:1,27-42,V28_E33del:4|L32_L37del:3|R29_A34del:1|N39_N42del:1|G35_A36del:1|E27del:1|A36_N39delinsD:1,12,219,9:21974727_4|9:21974715_3|9:21974745_1|9:21974725_1|9:21974719_1|9:21974712_1|9:21974702_1,esophagusstomach:1413:3|lung:2767:3|skin:974:2|bladder:955:1|cervix:234:1|pancreas:1059:1|headandneck:988:1,24592,pancan,8.77E-05
SRSF2,GRPPDSHHSRRGPPPRRYGGGGYG:1|PPDSHH:1|PPDSHHSRR:1|YGRPPDSH:1|YGRPPDSHH:1,92-117,Y92_H99del:1|Y92_H100del:1|P95_R117del:1|P95_R102del:1|P95_H99del:1,5,20,17:74732946_1|17:74732945_1|17:74732943_1|17:74732936_1|17:74732896_1,lymph:366:2|eye:128:2|blood:890:1,22029,pancan,0.000120847
NFE2L2,AQLQLDEET:1|EE:1|LDEETGE:1|LQLDEETGEFLPIQ:1,73-87,Q73_T80del:1|L76_E82del:1|L74_Q87del:1|E79del:1,4,31,2:178098809_1|2:178098806_1|2:178098799_1|2:178098784_1,unk:357:1|liver:636:1|breast:2559:1|lung:2767:1,24592,pancan,0.000168585
SMARCA4,QK:5,546,K546del:5,5,101,19:11106926_5,cnsbrain:2283:4|lymph:366:1,24592,pancan,0.000230673
PIK3CA,HC:3|HCPL:1,419-422,H419_C420del:3|H419_L422del:1,4,80,3:178927977_4,breast:2559:2|uterus:543:1|prostate:1379:1,24592,pancan,0.000241161
SMARCB1,EK:5,364,K364del:5,5,37,22:24175857_5,cnsbrain:2283:2|esophagusstomach:1413:2|biliarytract:358:1,24592,pancan,0.000385366
ANKRD11,KR:4,1461,K1461del:4,4,60,16:89348566_4,softtissue:838:1|bowel:1782:1|skin:974:1|uterus:543:1,22029,pancan,0.000507033
CEBPA,-:2|E:1|NVE:1,307-311,V308dup:1|T310_Q311insW:1|T310_Q311insKQNP:1|N307_E309delinsK:1,4,26,19:33792395_2|19:33792390_2,blood:890:4,22029,pancan,0.00506139
U2AF1,G:1|GGG:1|RG:1,222-223,G223dup:1|G223del:1|G222_G223del:1,3,6,21:44513300_1|21:44513282_1|21:44513281_1,bowel:1782:1|headandneck:988:1|bladder:955:1,24592,pancan,0.006574588
PIK3R1,KL:3|K:1|NK:1,378-380,L380del:3|N378del:1|K379del:1,5,293,5:67589149_3|5:67589147_1|5:67589146_1,cnsbrain:2283:3|breast:2559:2,24592,pancan,0.009358319
NOTCH1,DD:4,338,D338del:4,4,172,9:139413129_4,cnsbrain:2283:4,24592,pancan,0.011022046
MDC1,K:2|IRAAEKVSR:1,1020-1028,K1025del:2|I1020_R1028del:1,3,29,6:30675170_2|6:30675161_1,esophagusstomach:1413:2|liver:636:1,24592,pancan,0.013320714
HIST1H1C,K:4,23,K23del:4,4,24,6:26056588_4,bowel:1782:3|breast:2559:1,24592,pancan,0.015581344
PIK3CA,LWGIHLM:1|LWGIHLMPP:1|WGIH:1,10-18,W11_P18del:1|W11_H14delinsY:1|L10_M16del:1,3,80,3:178916645_1|3:178916643_1|3:178916641_1,bladder:955:1|cnsbrain:2283:1|uterus:543:1,24592,pancan,0.018400962
MYC,PS:3,298,S298del:3,3,13,8:128752729_3,headandneck:988:1|prostate:1379:1|bowel:1782:1,24592,pancan,0.020582531
SMAD4,L:2|LDE:2|EVLHTMPIA:1,536-546,L536_E538delinsQ:2|V539_A546del:1|L540del:1|D537_E538dup:1,5,134,18:48604785_3|18:48604796_1|18:48604792_1,esophagusstomach:1413:2|biliarytract:358:1|bladder:955:1|bowel:1782:1,24592,pancan,0.024779028
ANKRD11,K:2|EKEKKDGPD:1,1008-1015,K1012del:2|E1008_P1015del:1,3,60,16:89349914_2|16:89349903_1,headandneck:988:1|prostate:1379:1|esophagusstomach:1413:1,22029,pancan,0.037221772
ESR1,MV:3,422,V422del:3,3,20,6:152382152_3,breast:2559:2|uterus:543:1,24592,pancan,0.045104596
BAP1,E:2|KGVQVEEIYD:1|VKGVQ:1|Y:1,25-34,E31del:2|Y33del:1|K25_Q28del:1|K25_D34delinsN:1,5,162,3:52443599_2|3:52443609_1|3:52443593_1|3:52443591_1,pleura:76:1|skin:974:1|kidney:1305:1|eye:128:1|cnsbrain:2283:1,24592,pancan,0.047531881
SOX9,K:3|EKRPFVEEAERLRVQHK:1|KR:1,152-167,K167del:3|R152del:1|R152_K167del:1,5,134,17:70118924_3|17:70118881_1|17:70118877_1,bowel:1782:3|biliarytract:358:1|esophagusstomach:1413:1,24592,pancan,0.064500042
AKT1,-:1|L:1,65-77,T65_I75dup:1|P68_C77dup:1,2,3,14:105243057_1|14:105243050_1,breast:2559:2,24592,pancan,0.089933544
VHL,IF:4|-:1|NRS:1|VIFC:1,70-80,F76del:4|R79_S80del:1|I75_C77del:1|E70_R79dup:1,7,176,3:10183755_4|3:10183765_1|3:10183753_1|3:10183735_1,kidney:1305:6|pancreas:1059:1,24592,pancan,0.093598609